logReg,gradBoostclf,rndClf,xgboostclf,knnClf
0.6174957118353345,0.8610634648370498,0.5969125214408233,0.8713550600343053,0.7135506003430532
0.7007299270072993,0.7445255474452555,0.6131386861313869,0.7737226277372263,0.6423357664233577
0.7182044887780549,0.7980049875311721,0.6683291770573566,0.800498753117207,0.7605985037406484
